ID,Username,Pais,Pontos,Vitorias,Derrotas
512,johnsonjoshua,Czech Republic,2382,33,5
4609,jillrhodes,Uganda,1304,73,7
9621,garzaanthony,Bermuda,2028,65,12
5389,jesseguzman,Moldova,1850,25,19
7531,jennifermiles,Italy,2427,28,43
6426,shaneramirez,Trinidad and Tobago,1235,21,6
1566,blakeerik,Jamaica,3142,18,41
5093,joshua35,Bosnia and Herzegovina,2844,42,8
4109,jamesmichael,Guatemala,3692,81,46
5802,lindsay78,British Virgin Islands,1836,45,37
4626,smiller,Switzerland,1275,49,42
8732,barbara10,Panama,2466,11,38
5172,kendragalloway,Timor-Leste,1632,73,30
6267,michellejames,Korea,2302,54,25
4268,francisco53,Paraguay,3638,34,50
1036,jacqueline19,Norfolk Island,1241,58,48
9305,amandasanchez,Kyrgyz Republic,1940,13,37
3198,onelson,Portugal,1522,78,5
4474,gabriellecameron,Singapore,1420,67,5
7511,perezantonio,Germany,3549,100,27
2895,nadams,United States Minor Outlying Islands,2598,30,36
2345,jason76,Turks and Caicos Islands,3972,34,40
430,ithomas,Egypt,3079,94,48
9996,julie69,Iran,3655,76,35
5851,jeffrey28,Lithuania,1385,98,11
2113,camposmichelle,Cape Verde,1753,95,16
3898,laurahenderson,Bahrain,2971,15,40
6021,djames,Malta,2573,46,31
8123,tasha01,Pitcairn Islands,1336,92,30
5795,kayla51,French Polynesia,1826,34,14
8962,amoore,Zimbabwe,2284,25,47
7051,teresa28,United States Minor Outlying Islands,1470,74,25
525,harrellkenneth,Northern Mariana Islands,1279,16,36
6149,ericfarmer,Mauritania,1130,77,46
111,georgetracy,Bouvet Island (Bouvetoya),3733,47,24
1215,natasha43,Azerbaijan,3337,66,38
9318,nataliearroyo,Belize,2840,69,47
6425,wcabrera,Marshall Islands,1822,83,36
7592,davidalvarez,Mayotte,2813,14,44
8368,josephbrennan,Jamaica,1226,68,39
9451,sarahcampos,Portugal,1144,86,42
2553,jenniferross,Paraguay,2101,38,46
7,samuel87,British Indian Ocean Territory (Chagos Archipelago),3748,90,11
2122,jeffreymorgan,Myanmar,1250,28,15
9789,briannasmith,Russian Federation,2375,55,46
7730,perezrebecca,Tokelau,3253,66,35
3713,chad34,Paraguay,2276,97,50
5441,ilewis,Saint Kitts and Nevis,2453,53,28
433,esanchez,Sri Lanka,2987,54,12
1309,glee,Palestinian Territory,1732,65,38
5835,agomez,Lao People's Democratic Republic,3893,81,36
7241,nuneztracey,Bolivia,1983,23,37
2304,powellmatthew,Tokelau,3137,20,20
7422,wrightjames,Kiribati,3303,34,46
6200,robertramirez,Egypt,1706,42,10
20,ramosmichelle,Mayotte,1440,29,32
6061,williamsyvette,Taiwan,3396,92,50
8684,novaksara,Thailand,2704,89,29
2791,gabrieltucker,Croatia,3172,67,34
1798,kbarrera,Hong Kong,1986,33,36
1181,gallowayjoseph,Slovenia,2599,78,5
5887,smitchell,Saint Martin,1562,94,7
858,smoore,Cuba,2341,71,41
6581,rileyamy,San Marino,2278,10,30
5764,brian97,Macao,3340,59,16
7431,brianromero,Thailand,3204,44,40
6044,caseyjones,Tokelau,3108,68,38
9834,richarddavid,Mongolia,2902,54,27
5080,bethwilliams,Belgium,3316,43,41
3134,ksandoval,Maldives,1510,89,39
5402,sarah35,Dominican Republic,1193,55,49
3549,randy47,Germany,1417,72,29
1905,smithchristine,Monaco,1782,13,14
5855,jonesjason,Estonia,3620,75,18
9991,sarahibarra,Turkmenistan,2523,25,38
7435,mikemoore,Syrian Arab Republic,1585,15,13
7480,cheryl80,Papua New Guinea,3549,61,49
2818,sarah12,Estonia,1909,43,35
4506,prestonjulia,Cape Verde,1778,73,20
5263,juan35,Costa Rica,2724,39,46
214,william40,Bermuda,1307,83,36
1775,ccalderon,Afghanistan,1158,53,16
3364,kellie42,Saint Vincent and the Grenadines,3923,54,48
466,barnold,Moldova,3885,26,39
8289,rodriguezsierra,Portugal,3928,66,45
5958,amydavenport,Mozambique,2719,62,49
9227,russellwilliams,Haiti,3299,93,39
5844,nolanjason,Egypt,2755,88,44
125,gomezanita,Tunisia,2145,77,28
6623,vdickson,Cape Verde,1727,86,17
3520,michellecherry,Sudan,3009,37,10
5320,nicolejohnson,Saint Pierre and Miquelon,1866,44,18
6724,kimberly63,Ethiopia,2529,69,5
4887,kristinrodriguez,Tunisia,1553,56,45
8933,garrisonjeffrey,Svalbard & Jan Mayen Islands,1767,58,43
4376,ybailey,Tunisia,1238,81,11
2703,jeffreykeller,Iran,2520,34,50
109,joshua14,Guernsey,3609,32,12
276,ifrazier,Greenland,2673,96,33
9724,wilsontara,Christmas Island,3785,72,22
4289,benjamin96,Guatemala,1671,95,34
8781,samuel81,Hungary,3006,55,9
1767,jonathanfletcher,Afghanistan,2834,72,29
3180,michaeljones,Papua New Guinea,1808,46,40
6953,cindy14,Macedonia,2328,38,8
9196,elizabeth56,Qatar,2881,41,29
3390,angela36,Papua New Guinea,3595,84,20
6176,lbyrd,New Zealand,1408,24,42
1656,richard04,France,2816,34,5
4503,russellcarpenter,Palau,2475,93,21
551,steven73,Madagascar,2194,91,42
6860,yleon,Saint Pierre and Miquelon,1710,69,35
3814,donnacampbell,Panama,2767,38,5
941,clarence34,Czech Republic,3297,87,12
2966,dylanwilliams,Lebanon,1512,40,40
6127,gibsonolivia,Montserrat,2439,86,31
3050,jennifercruz,Iran,2818,78,33
724,dylanwatts,Uganda,1263,74,27
563,osbornejeffery,Spain,1340,83,25
2484,pwilliams,United States Virgin Islands,3659,50,29
7155,bryantlaurie,Papua New Guinea,1884,58,17
243,stephanie79,Suriname,2781,52,25
4221,jrivas,Kiribati,1578,39,39
8198,juliawells,Eritrea,2968,53,17
6407,maryramirez,Slovakia (Slovak Republic),1601,19,50
622,rsims,Kazakhstan,2421,90,28
712,reevesjimmy,Grenada,1757,59,48
645,patricia12,Canada,3663,65,22
8725,patrickhernandez,Croatia,1029,88,33
7177,perrymark,Lao People's Democratic Republic,2326,35,45
2512,abrown,Iceland,1617,73,14
8979,gateskathy,Hong Kong,1889,76,22
7107,wsmith,French Southern Territories,2847,42,27
1547,acastaneda,Martinique,3524,20,22
9355,tracynelson,Libyan Arab Jamahiriya,3532,30,9
8520,priceelizabeth,South Georgia and the South Sandwich Islands,2397,42,44
8778,dramsey,Uruguay,3226,17,44
521,tinaferguson,United States of America,1656,45,13
7165,qvargas,Anguilla,3655,26,50
237,dayderek,Kyrgyz Republic,1736,29,9
1818,brentgray,Croatia,2416,28,15
6214,wmurphy,Turkmenistan,2241,40,23
6776,aramirez,El Salvador,3869,66,49
4873,ruizkaitlyn,Austria,2897,60,20
4589,jeffrey10,Saudi Arabia,2807,92,20
5117,herringjames,Angola,3101,87,26
2994,johnwells,Brazil,2517,41,43
217,stevenscott,Heard Island and McDonald Islands,1465,91,15
5425,catherinestuart,Saint Barthelemy,2037,100,23
9455,stricklandfrank,Georgia,1717,42,10
5074,lanesarah,Montserrat,3535,24,16
4287,tsanders,Congo,2248,40,16
1744,vargasmaria,Ecuador,2511,69,22
6541,terrykevin,Poland,2543,78,7
7016,hoganashlee,Armenia,1137,14,35
6196,amanda51,Macedonia,2173,40,9
6580,alexander67,Botswana,3900,36,40
1337,oyu,Uganda,1170,12,44
4369,bzimmerman,Christmas Island,2819,59,32
3201,christina87,Lao People's Democratic Republic,1450,51,23
3715,lpetersen,Ethiopia,1368,69,6
6180,melissa14,Turkmenistan,1918,68,12
386,dsanchez,Mongolia,1792,28,7
8787,frogers,Thailand,1481,78,32
6236,hunter35,South Georgia and the South Sandwich Islands,2960,89,25
1641,matthew94,Micronesia,2620,18,45
1676,blackjames,Dominican Republic,2991,33,32
8202,wfreeman,Dominican Republic,1744,68,37
5690,fbrewer,Kiribati,1843,59,6
9252,davisjeffrey,Puerto Rico,3424,87,32
3660,kevinperkins,Lebanon,3376,88,31
7770,ronald85,Guinea,3436,72,12
3067,qnelson,Djibouti,1071,51,27
407,griffithleslie,Samoa,1437,69,18
490,jamesrodgers,Falkland Islands (Malvinas),3348,43,48
6120,tina34,Denmark,3232,51,50
4270,harry08,Brunei Darussalam,2182,74,25
3665,brandon08,French Guiana,3420,40,23
1747,danamullins,Bosnia and Herzegovina,1353,85,35
8704,andrewstaylor,Kazakhstan,1890,46,24
322,jack04,Wallis and Futuna,3164,44,30
1952,ewilson,Iran,2616,11,7
5900,ojones,Poland,2669,79,9
6695,hernandezlisa,Yemen,3207,43,22
5630,christopher31,Micronesia,1495,94,36
8395,yobrien,Nicaragua,2363,30,26
801,kimberlyjames,United States of America,3502,44,39
4071,levans,Japan,2886,16,16
7204,ashley09,Saint Vincent and the Grenadines,1786,84,13
9389,mezajared,Croatia,1565,97,45
534,donna23,China,3237,95,34
8282,moorericky,Portugal,1981,95,24
7973,ocarter,France,2575,26,42
1193,jacqueline71,Poland,1879,24,23
1455,sandrafrench,Nigeria,2205,57,39
8052,ronaldstephens,Oman,2707,16,39
2972,rebekahserrano,Barbados,2041,73,13
6380,martinkyle,San Marino,3584,49,14
2223,scott74,Reunion,1665,23,12
4594,gbender,Mauritania,2655,77,10
5065,mkim,Armenia,1963,78,33
5657,mnavarro,El Salvador,1935,16,17
9697,davissuzanne,Taiwan,3229,71,45
4707,keyemily,Ethiopia,3401,94,18
9799,hinesgregory,Malaysia,2206,79,15
1176,lmoon,Mozambique,2433,54,41
157,fwalters,Bermuda,2452,98,30
6505,vbailey,Gibraltar,3479,34,48
4778,hodgemark,Puerto Rico,2760,15,47
6900,zroberts,Suriname,3496,15,45
9329,gibsonleonard,Gibraltar,3567,94,29
1291,cordovarichard,Malawi,2581,35,36
3449,sandovalamy,Isle of Man,3654,72,43
2491,lopezmichael,Saudi Arabia,2489,26,8
7848,wgarrett,Austria,3567,85,15
2346,josephanderson,France,3375,59,19
9422,fgilmore,British Virgin Islands,2052,96,50
2913,dudleychelsea,Dominican Republic,1426,46,15
6273,lancesmith,Ireland,2430,17,35
2129,walkermaureen,Brazil,1654,50,44
1367,pvalentine,Syrian Arab Republic,2193,79,30
1018,tyronemoran,Madagascar,1868,56,17
172,robert77,Ecuador,2186,40,40
2877,yarnold,Comoros,2483,31,32
7719,michellehill,Somalia,1649,83,16
8718,ymorgan,Macedonia,3683,80,15
1783,lori44,Taiwan,2891,23,12
1104,cgrimes,Martinique,3634,25,16
1149,jreed,Serbia,3833,68,23
2541,ugibson,Trinidad and Tobago,2186,95,29
5607,tinaallen,Hungary,3163,64,17
1325,melissajenkins,Ghana,1001,91,18
1343,zthornton,Hong Kong,1069,49,23
3116,ymcneil,Swaziland,2404,34,33
9906,tylerjohnson,Macao,3674,47,47
2917,molly71,Mali,1437,47,14
3747,jsmith,Ireland,2897,50,36
548,charlesharrington,Estonia,1153,13,40
3465,cindy61,Timor-Leste,3186,83,23
4883,melissa86,Zimbabwe,3554,16,15
3736,courtney78,Argentina,1852,64,12
5815,younggabrielle,France,1587,18,15
9497,juliehamilton,Bolivia,3743,74,22
2461,wallaceheather,United Kingdom,3719,88,41
2270,williamslaura,French Polynesia,3322,26,19
6964,nicholas23,Malta,1012,72,30
6302,yknight,Cocos (Keeling) Islands,2148,39,36
1927,gregorylynch,Hong Kong,2657,93,5
2070,tyleraguilar,Djibouti,1704,68,41
539,dlittle,Equatorial Guinea,3231,58,7
2613,nolansteven,France,1468,19,31
5668,charleslandry,Myanmar,1667,61,30
346,danielle64,Korea,3131,56,39
4355,james67,Botswana,2091,24,12
4752,patrickhoward,French Polynesia,1904,11,48
4755,andrew64,Algeria,1027,51,48
1894,lozanojulie,Syrian Arab Republic,1863,11,26
2579,kimberly39,Spain,2192,45,44
1636,jeffery39,El Salvador,2363,87,20
7933,courtneyberger,Oman,3789,46,8
3697,parkerscott,Morocco,2088,94,24
3453,jessica14,Greece,1398,91,45
525,ithompson,Solomon Islands,2542,92,11
8767,alyssa42,Equatorial Guinea,2354,87,30
9920,scoffey,San Marino,2689,95,50
9098,linda71,Cambodia,1978,44,40
3517,michelleramsey,Indonesia,2888,62,36
8364,christopher60,Estonia,2155,72,26
9689,gibsonemily,Peru,3243,33,50
1288,brenda51,Peru,2714,73,15
9530,thomasharvey,Western Sahara,2079,27,38
300,rose31,Norfolk Island,1540,58,35
2987,tblankenship,Pakistan,2168,84,6
9075,cwilson,Yemen,2373,47,16
4293,torrestravis,Bhutan,2881,72,21
2806,paigetaylor,Korea,1896,67,45
7346,ellen86,Myanmar,3613,63,10
288,nicolepena,Syrian Arab Republic,2149,78,27
990,rgilbert,Antigua and Barbuda,2994,86,29
1289,jeff73,Timor-Leste,2966,76,8
3250,cory58,United Arab Emirates,2166,75,32
9023,bruce43,British Virgin Islands,3463,61,31
2983,ndavis,Norway,2968,99,46
8920,williamsmatthew,Brunei Darussalam,3524,31,46
153,caseyhubbard,Cote d'Ivoire,2011,72,35
8286,lisahall,Singapore,2880,28,28
3361,kristinacarlson,Falkland Islands (Malvinas),1557,77,20
7242,vanessafernandez,South Georgia and the South Sandwich Islands,1857,17,8
1352,danieldelacruz,Bulgaria,2405,83,33
4657,howardkristina,Myanmar,1424,32,18
2507,alfred40,Brunei Darussalam,3870,50,12
7370,vfox,Bahrain,2963,28,47
8571,xwest,Malawi,1245,17,16
1713,hayesjeffrey,New Zealand,2452,89,37
2118,acostaregina,Palestinian Territory,1623,74,33
1876,stephen00,Lesotho,3688,31,22
5447,gsimmons,Liechtenstein,2146,10,26
6640,fjones,Gibraltar,1685,70,15
2529,cameronhill,Norfolk Island,2778,33,49
5114,oscar98,French Polynesia,3644,33,9
1432,bwagner,Bolivia,2593,62,16
2560,farrelldebra,Seychelles,3611,97,39
203,russellbeasley,Isle of Man,1966,29,12
7287,maria66,Saint Lucia,1738,47,44
1333,edwardslarry,Equatorial Guinea,2223,12,11
5237,stephanie71,Bermuda,3737,94,26
9814,daviscolin,Saint Vincent and the Grenadines,2071,94,20
3757,lisa80,Myanmar,1307,60,35
9952,elizabeth65,Tunisia,2323,68,33
2286,uparrish,Austria,1022,57,23
4328,caroline51,Montserrat,2113,90,25
4429,ericolson,Tanzania,1655,79,39
3095,bellangela,Brazil,3056,35,38
3300,audrey68,Seychelles,1710,31,44
9304,lynchdiane,Puerto Rico,3467,69,41
9446,anthony44,Uruguay,2717,81,23
6714,michael22,Monaco,3175,79,38
4767,vjones,Norfolk Island,3949,27,26
3010,davisalyssa,Honduras,1390,39,45
9727,kchavez,Heard Island and McDonald Islands,2957,38,50
3530,jennifer99,Belize,1412,88,40
2339,moorekaren,Australia,2363,51,22
6180,nelsonebony,Libyan Arab Jamahiriya,2175,29,47
5265,nperry,Saudi Arabia,2903,75,33
1056,reeddaniel,Philippines,2321,46,24
8302,trose,Aruba,1783,77,39
983,randallgreene,Albania,1469,10,37
2957,kevinclark,Burundi,3950,54,35
1972,keith10,Luxembourg,1443,93,45
9870,ythompson,Marshall Islands,3160,39,8
3158,vincentwhitaker,Sri Lanka,2172,37,24
6518,charles06,Andorra,2337,95,47
7373,umorse,Montserrat,2981,31,17
989,tberry,Northern Mariana Islands,1959,91,31
9567,zroberts,Angola,1130,21,46
5111,george97,Switzerland,3679,90,12
2888,christopher13,Jordan,1071,96,41
1936,zwarren,Trinidad and Tobago,3283,33,29
109,julie35,Slovakia (Slovak Republic),2102,75,6
8275,charlesschultz,Malta,3695,20,19
1370,rebeccabailey,Saint Lucia,3833,10,21
6767,joelthomas,Congo,3329,39,30
7269,carriewolf,Palau,3448,46,35
7971,thompsonkendra,Lithuania,2176,65,21
533,wwebster,Morocco,1611,32,40
2625,kmaldonado,Norway,2688,19,14
5968,michelle52,Kazakhstan,2375,80,10
3599,harrisoncrystal,South Africa,1538,84,39
5104,brittany58,Barbados,2324,92,45
7435,steven00,Heard Island and McDonald Islands,2272,17,14
7507,chase19,Nauru,2295,99,37
8926,jford,Zimbabwe,2817,20,23
595,colelisa,Pakistan,2970,78,25
9073,marcalvarez,Canada,1758,16,33
5956,hayeslisa,Taiwan,1994,87,27
4817,toni18,Oman,3493,74,9
4698,benjaminzimmerman,Kazakhstan,2281,89,13
4192,michaelhardin,Iceland,2212,16,23
2100,rschroeder,Nepal,2363,12,46
5412,mccormickdeborah,Bahrain,3232,15,43
2584,cody64,El Salvador,3506,34,34
1828,mathewaguilar,Cambodia,1111,93,46
6871,kyle62,Nauru,1315,87,36
3706,collinsnicholas,Somalia,1198,10,37
4111,lisa81,Oman,2515,47,50
572,bromero,Guyana,3771,84,6
4167,henry35,Yemen,3544,22,34
644,ilee,Cape Verde,2240,55,50
1221,phillipskristin,Macedonia,2230,42,44
4759,stanleynancy,Nicaragua,1140,80,32
3278,carlamoore,Cocos (Keeling) Islands,3646,38,5
7754,jenniferwilliams,Haiti,3083,79,17
2141,tarabishop,Sao Tome and Principe,3624,40,43
9523,pyoung,Georgia,3163,75,22
6852,mmckee,Heard Island and McDonald Islands,2742,29,19
4057,smurray,Slovakia (Slovak Republic),3605,59,49
8024,ashaw,Central African Republic,2894,68,25
797,laurietaylor,El Salvador,2434,68,39
6756,davidsonmorgan,Mexico,1584,69,30
6099,dawsonzachary,British Virgin Islands,1521,28,41
7285,christopher24,Korea,1055,67,31
329,mariahdavis,United States Minor Outlying Islands,2484,57,23
7773,lisawilkerson,Venezuela,3134,61,24
2044,perryrandy,Holy See (Vatican City State),2570,38,16
810,paulmiller,Czech Republic,3262,86,19
8758,florescory,Rwanda,3862,95,28
8463,lacey20,France,3466,21,30
2838,ihorton,Senegal,2775,53,14
2254,awest,United Kingdom,3262,60,47
7664,smithjason,Canada,1994,62,6
3666,srodriguez,Dominica,2474,20,31
9185,david36,Northern Mariana Islands,2729,68,8
2152,fbrown,Nauru,1695,45,33
5483,chenbailey,Saint Barthelemy,1508,10,50
9724,kellysmith,Guinea,2079,98,36
2054,ashleylopez,Paraguay,1190,13,17
6337,millsmichael,Zimbabwe,3857,89,12
8910,myerstheodore,Norfolk Island,1629,57,19
2859,qzavala,San Marino,3336,40,14
5739,kellycarlos,Dominican Republic,3552,72,49
7296,ingramjill,Grenada,2707,39,23
8301,bradleypayne,Suriname,3074,100,30
2509,mariacohen,Qatar,2478,23,41
7261,zwelch,Burkina Faso,1252,59,39
9659,baldwinsherry,Argentina,3941,99,28
9257,james30,Germany,3633,19,15
6505,zachary87,El Salvador,1299,95,42
2115,mullinsjames,Guinea-Bissau,1598,85,9
6746,glennmartin,British Virgin Islands,2456,30,32
9033,samuel67,Ukraine,1772,15,30
9501,lmorgan,Luxembourg,2119,54,33
4769,zrichardson,Malaysia,2266,24,9
3300,laurie61,Jersey,1689,58,12
3227,amymorris,Belgium,2761,34,45
8047,donna47,Netherlands Antilles,1847,69,40
2293,cjackson,Guernsey,2351,95,6
6489,wwilliams,New Zealand,3888,37,40
5607,yhill,Yemen,1181,84,14
3859,jonesdana,Haiti,2110,88,38
2221,stephaniethomas,Netherlands,2635,98,7
3627,ejohnson,Dominica,2945,56,46
7451,michael90,Netherlands Antilles,2803,66,11
6017,erikarush,Holy See (Vatican City State),3554,94,32
1850,khines,Burundi,1550,33,36
5142,raymond43,Brazil,3705,60,18
1964,fitzgeraldvictor,Iceland,3271,32,50
2772,greenjorge,Kiribati,3059,48,36
8913,wendymitchell,United States Virgin Islands,1599,55,6
3932,igonzalez,Timor-Leste,1515,37,25
2068,hayesrachel,Kenya,2188,66,7
3206,cochrantammy,Ghana,2611,36,15
7269,jenna88,French Guiana,3396,29,48
6627,melissa25,Madagascar,3566,38,11
5810,davidharris,Burundi,2407,30,21
7412,kristyjohnson,Mexico,2215,41,21
3214,tanner82,New Caledonia,3607,83,12
7812,jonesraymond,Saint Barthelemy,2043,36,32
1018,xfox,Ireland,3263,64,12
6584,martinezlogan,Barbados,3921,33,32
5310,howens,Guatemala,3760,35,26
9535,nataliedeleon,Northern Mariana Islands,1587,62,39
3861,katrinaanderson,Macao,3773,19,21
2583,guerraapril,Gabon,1029,59,28
6145,fernandodonovan,Czech Republic,2697,78,37
3237,stacey84,Tanzania,2636,52,48
7556,kingcynthia,Mexico,2188,15,45
1657,david49,Marshall Islands,1009,27,35
96,shawgary,Western Sahara,1252,64,27
1325,georgeweber,United Arab Emirates,3095,67,50
6859,megan90,Sweden,1798,14,23
2122,millerstacy,Sierra Leone,3834,60,27
8907,debra96,Nicaragua,1557,46,20
1465,jimenezcourtney,French Guiana,1852,81,19
2736,timothy64,Korea,2405,68,20
9815,barkereric,Israel,1922,87,48
33,vmarshall,Netherlands,3469,57,46
4131,larryhiggins,Saint Martin,3182,92,36
7326,theresa25,Malawi,2043,49,37
7479,floressteven,Ethiopia,2829,24,50
3628,gwright,Australia,3880,91,10
824,sonia96,Egypt,2249,13,42
3533,lisapeck,Saint Helena,2742,76,29
2351,james27,Malawi,1247,29,50
8544,tjimenez,Luxembourg,2462,69,22
3992,davisphillip,Kuwait,3456,60,34
8276,jasongomez,Australia,1730,40,50
6747,troy74,Martinique,2621,15,19
6720,booneryan,Turkmenistan,1074,34,24
2341,jessica65,Aruba,2371,27,25
2522,jwilliams,Congo,3410,83,29
6612,angela16,Macedonia,1689,63,37
9643,rduran,Sweden,1014,43,5
7439,andersoncolin,Holy See (Vatican City State),3749,87,34
5708,angela52,Congo,1298,85,20
8328,cporter,Argentina,3499,53,29
486,jenniferbrock,Malaysia,3148,47,41
1441,ghernandez,Burundi,1183,40,15
2996,sarah52,India,3004,23,30
8428,brittney88,Marshall Islands,2529,79,26
7135,terickson,Lebanon,1341,95,20
4129,richardsonemily,Israel,2718,72,24
3359,laura09,Lebanon,2103,80,23
5213,tammy99,Denmark,2016,72,9
7426,silvageorge,Niue,3062,29,23
3010,rhernandez,Ecuador,1127,47,17
5924,armstrongjackie,Comoros,2103,11,31
9681,alexanderrobert,Isle of Man,2667,73,35
2002,roberthampton,Uruguay,2428,95,13
6154,vsalas,Saint Lucia,3234,12,32
8380,thorntonapril,Moldova,3568,80,16
2680,whitney78,Honduras,3213,48,17
9150,sue78,Guam,1301,82,20
2069,erica49,Liberia,1414,67,21
671,susanramirez,French Southern Territories,1804,70,27
8050,shellyhendrix,Sierra Leone,1851,49,35
1196,janet75,Lesotho,1097,16,15
3721,ann44,British Virgin Islands,3649,82,35
8200,zhuang,Svalbard & Jan Mayen Islands,3391,90,13
4762,stephanie24,Armenia,3547,43,30
286,stephanie15,Uzbekistan,2382,38,31
2058,vdouglas,Lesotho,2338,24,42
9675,jamesryan,Venezuela,3348,25,22
1490,derrick99,Dominican Republic,3220,30,49
6026,brentstein,Czech Republic,3849,41,40
6691,briangutierrez,Saint Barthelemy,1560,33,50
2049,xgarcia,Burundi,2591,61,50
8277,oconnelltiffany,Cayman Islands,3921,43,19
3324,edelgado,Lesotho,3970,75,39
6055,katelynmitchell,France,3566,10,7
9858,velezchristopher,Montenegro,2989,89,13
1455,amandasharp,Vietnam,1819,65,17
5274,gentrygregory,Turkmenistan,3350,100,49
294,sarahjohnson,Taiwan,3549,56,16
2936,lfrench,Vietnam,1066,12,27
4483,nancy04,Mongolia,2453,42,49
1375,hebertmatthew,Korea,3185,37,21
5426,ismall,Thailand,2173,86,39
3136,znelson,Bouvet Island (Bouvetoya),2467,85,40
6302,francisco74,Saint Barthelemy,1340,17,18
7334,alexisrogers,French Polynesia,2870,65,50
5179,gregorychase,Ukraine,1961,79,48
8802,gwilcox,Greece,2566,61,47
7567,moralescody,Burundi,2599,23,13
9852,pmorris,Albania,1037,33,34
6869,patrick74,Zimbabwe,2600,89,34
7288,kevin90,Eritrea,2830,93,11
7613,heather01,Lao People's Democratic Republic,3476,95,24
6617,erik84,Portugal,1671,79,39
1944,fowlershelia,Heard Island and McDonald Islands,3355,55,28
1577,jeffreyanderson,Cape Verde,3558,11,37
2856,madkins,Holy See (Vatican City State),2625,85,27
3653,emiles,Saudi Arabia,2015,19,11
9275,kathleenbecker,Nauru,3075,94,10
375,foxallison,Guyana,3212,57,17
4446,starkdaniel,Switzerland,2487,67,45
942,ashleyhernandez,Greece,3739,65,32
148,nwilson,Saint Barthelemy,3492,36,36
8665,gdavis,Kiribati,3881,74,10
8566,chavezwilliam,Korea,3338,54,46
8700,hansenemily,Gambia,2396,10,5
6175,fosterlisa,Samoa,1337,98,48
8468,bethwilliams,Guatemala,2379,100,20
872,weaverbrian,Uganda,2033,36,27
2696,andersenthomas,France,3677,30,19
1576,iwhite,Seychelles,1989,53,8
1193,ybrooks,Kiribati,2960,20,27
4572,rbennett,Panama,1793,54,20
1717,desireebailey,Christmas Island,3535,22,33
5546,urice,Czech Republic,3627,76,13
4822,avilatiffany,Kyrgyz Republic,2932,21,45
5385,opatel,Egypt,2273,63,24
5696,rreed,Comoros,3360,34,32
9507,johnsondonna,New Zealand,3157,87,50
777,allencarlos,Nauru,2328,42,34
9000,griffinemily,Tunisia,2567,60,23
886,sanchezbradley,Kazakhstan,2480,55,39
4936,amberwebster,Singapore,2858,50,23
5861,taylorvictoria,Djibouti,3731,39,40
4792,barbara53,Gabon,3239,82,6
1406,valerieboyd,Isle of Man,3442,50,39
2995,joshua89,Turkmenistan,3860,62,45
6253,conniesimmons,Lithuania,1738,42,12
4333,comptonshelly,Paraguay,1630,55,45
6068,ufloyd,Qatar,2253,40,46
9109,trussell,Honduras,1260,97,17
1894,karenwells,Thailand,1728,23,38
4866,kevinzimmerman,Sri Lanka,3745,63,30
2400,jmelendez,Isle of Man,1815,79,21
2532,igrant,Iceland,3039,64,16
4648,jonathanrivera,Belgium,2193,92,22
5986,fboone,Martinique,1570,65,29
6422,brettbennett,Netherlands Antilles,2806,45,48
4768,russojacob,Senegal,3600,60,28
5328,timothybooth,Grenada,2717,55,8
2495,susan03,Vietnam,1306,70,35
4352,suzannewilson,Saudi Arabia,2705,26,31
956,srocha,Netherlands Antilles,1966,92,41
3533,randyallen,Gibraltar,3590,100,11
471,oscar85,Gambia,2192,28,44
2125,michael77,Bolivia,3030,66,17
1269,ugill,United States Virgin Islands,1031,37,19
8019,nathangutierrez,Monaco,2686,72,42
7690,joycesmith,Mexico,2983,77,31
477,mphillips,Greenland,2602,76,49
6136,noahwhitaker,Luxembourg,3294,56,5
626,jonathan77,Kuwait,1737,41,33
377,jessicabell,Burundi,2411,80,48
9147,iwhite,Norway,2223,73,25
5794,warrenmary,Belarus,1820,45,13
6151,duranrobert,Tajikistan,3448,66,10
9038,carloshernandez,Cuba,1335,76,25
2024,nbrooks,Northern Mariana Islands,1783,21,20
6688,bhopkins,Albania,2629,18,23
6696,hsmith,Saint Helena,2635,69,12
3962,amanda40,Macao,1271,24,24
3312,ldrake,Botswana,3181,82,36
533,warrenjohn,Nicaragua,1767,58,21
3140,lisa46,Belgium,3859,76,22
2309,susan79,Ecuador,3413,48,31
4849,kevinclayton,Belgium,2155,25,39
1422,davisnicholas,Mexico,2799,72,28
2540,abrown,Reunion,1842,66,10
5052,christopherbruce,Oman,3522,88,17
2819,ariel18,Uruguay,2713,90,27
2423,hallrachel,Puerto Rico,3298,80,45
8912,enelson,Poland,1560,78,26
8514,rachel90,Christmas Island,2060,54,47
4254,alexis39,Cambodia,2974,18,5
8037,thickman,Central African Republic,3866,73,35
4111,ashleyatkinson,Philippines,3391,57,48
3944,patrick21,Macao,2234,78,28
1008,brian63,Taiwan,2177,86,44
1447,petersonkayla,Zimbabwe,1876,22,39
3932,unovak,Antarctica (the territory South of 60 deg S),2237,47,7
6250,kristen77,Denmark,2866,30,20
8121,angela66,Colombia,3355,34,48
137,nmiller,French Polynesia,3971,12,26
8155,jennifermiller,Cape Verde,2991,13,23
813,odawson,Cape Verde,2431,23,30
6774,gstewart,Bermuda,1254,81,21
1637,hahnsean,Senegal,1665,44,46
8544,curtis12,Jersey,1358,92,31
5349,ghawkins,Ireland,3187,94,34
2518,johnsonmichael,Bermuda,3905,81,5
1668,michelle04,Isle of Man,3675,34,35
1469,umaxwell,United Arab Emirates,1216,37,5
7472,ashleyjackson,Hong Kong,1909,32,22
2565,dominicturner,Lithuania,3655,24,31
8228,bryanhamilton,Italy,3913,74,49
2390,todd15,El Salvador,2913,16,29
6283,jennifersimpson,New Zealand,2062,89,48
9359,stephentaylor,Albania,3370,39,7
6294,ncook,Hong Kong,3779,77,34
3415,scott69,Burkina Faso,3132,69,32
5135,malik37,Germany,3907,92,43
6463,tamaranovak,French Guiana,1691,73,15
467,yfaulkner,Ecuador,1407,16,37
2381,nicholas65,Brazil,1740,81,10
9413,brittanygardner,Pitcairn Islands,2123,13,9
8025,bentonsteven,Russian Federation,2640,49,26
9866,samuelcarter,Puerto Rico,3773,97,38
3188,fuenteslaura,Ireland,1516,11,36
6111,ttaylor,Dominican Republic,1819,28,49
1037,donna66,Barbados,3634,78,16
6186,eewing,Mozambique,2460,94,34
6114,sferguson,Italy,1650,44,43
683,gibbsmichael,Ukraine,2435,24,15
7746,rodriguezjohn,Papua New Guinea,2852,11,23
2992,gabriel90,Monaco,2620,43,44
369,vrasmussen,South Africa,2210,63,31
5952,grodriguez,Eritrea,3180,84,25
5256,williamstone,Morocco,1360,17,23
8178,seanmyers,Sierra Leone,1311,14,14
3807,michaeljohnson,Bosnia and Herzegovina,1245,87,17
580,robert11,Switzerland,2818,95,40
389,michaelcooper,Slovenia,3102,57,39
8419,adrianabailey,Bhutan,3591,99,39
5918,cbowen,Ghana,2099,41,42
85,evanslisa,Brazil,3166,78,17
143,sweeneydeborah,Philippines,1152,84,8
1588,sarahyang,Malaysia,3855,63,40
6732,andrearivera,Japan,2624,62,28
5716,zhall,Niue,2223,84,39
1844,jacobsandoval,Indonesia,1440,20,29
5045,mclaughlinnicole,Korea,1127,62,42
4064,tprice,Croatia,1733,94,34
3823,joshuapadilla,South Africa,2448,76,20
1510,raylauren,Martinique,2875,23,36
7479,michaelgonzalez,Brazil,1494,13,31
3914,emily78,Northern Mariana Islands,2136,86,16
7757,candice96,Myanmar,1580,35,27
6643,baileymegan,Nicaragua,2998,82,5
3032,lisamccarthy,French Southern Territories,1464,95,41
3870,powerslawrence,Dominican Republic,2817,49,19
1506,daryl52,Madagascar,3934,89,12
294,ibarnes,Montserrat,2672,49,38
5355,fhenderson,Norfolk Island,3399,88,34
120,angelaburns,Burundi,1963,80,10
8155,leonardhayes,Austria,1698,99,28
4927,stephanie72,Congo,1787,20,5
957,gmaynard,Palau,3539,90,38
9977,fortiz,Israel,2772,26,42
9748,fburns,Monaco,2167,94,20
1961,flynnjeffrey,Antigua and Barbuda,2745,67,50
490,jeffrey42,Slovakia (Slovak Republic),3101,10,16
9087,xcunningham,Seychelles,3815,58,26
2295,hdunn,Montenegro,3120,67,11
3250,adamsamy,Haiti,1408,91,25
9258,wolfscott,Cuba,3491,51,49
7323,pgarcia,Sao Tome and Principe,1935,69,39
1331,kennethkidd,Korea,3629,19,27
823,michael17,Tonga,1905,51,6
4217,rowejoel,Sudan,3616,96,9
2377,michelle96,Chad,2360,55,10
9862,kristenli,Sri Lanka,2764,17,26
2356,hudsonamanda,Nauru,3693,49,17
2927,mariopadilla,French Guiana,1628,50,34
9788,stephanie81,Burkina Faso,3779,58,5
46,rsellers,Tonga,2736,37,50
6601,jacquelineanderson,Cameroon,1894,28,46
17,maria67,Cambodia,1444,17,24
6628,courtney67,Belarus,3899,55,23
9431,powellkara,Puerto Rico,3982,93,27
3608,shawn75,Morocco,2115,11,8
2334,meltonmelanie,Bermuda,2080,23,28
2912,sreid,Guinea-Bissau,2911,70,10
2829,flynnraymond,Japan,1897,26,19
1539,troymorris,Finland,2510,12,41
1183,amy29,Timor-Leste,2182,95,18
7709,rkramer,Serbia,1719,15,27
1046,williamsconnie,Taiwan,2633,37,18
8723,ksmith,Kazakhstan,2095,62,41
384,bsmith,Cook Islands,3501,58,11
7797,nicoleturner,Tunisia,1855,99,5
5226,clarence54,Belize,2278,38,27
3177,elizabeth20,Indonesia,1992,25,17
6061,jessica36,Palau,1351,100,5
9717,padillaaaron,Lesotho,2436,70,6
2484,andersonjeremy,Pitcairn Islands,3894,88,37
4771,ssmith,Guam,3269,37,48
8182,mcneilrobert,Bulgaria,1040,13,31
5079,yjones,Benin,2425,54,28
3752,garciamichael,French Southern Territories,3130,27,25
535,patrickli,Tunisia,1546,61,47
6209,darlenebyrd,Bangladesh,1571,80,34
4805,bishopfrank,Guernsey,1795,95,8
4602,courtneyhernandez,Isle of Man,1683,13,48
2384,fheath,Ukraine,3947,96,19
7350,taylordavid,Saint Lucia,2726,32,39
3079,bbell,Germany,2881,74,29
9789,johnnewman,Egypt,2649,77,20
2417,kimberly04,Costa Rica,2997,13,25
2876,juliephillips,Austria,3987,29,15
2378,troyrodriguez,Luxembourg,3748,48,14
3315,ricetiffany,Guyana,3819,65,8
8798,david96,Haiti,2921,25,9
3570,kathrynbest,Sierra Leone,1539,29,37
645,smithcarlos,Estonia,3860,72,19
4384,billbrown,Somalia,1694,58,14
2855,ohunter,Rwanda,3657,10,34
6104,zhenderson,Belize,3220,32,42
7049,joshuacollins,Madagascar,3071,45,20
3883,terrimoore,Greece,3871,84,41
1348,wwillis,Syrian Arab Republic,1438,85,10
688,collinssamuel,Zimbabwe,2584,33,25
5407,brianmiller,Jordan,2886,74,48
2350,chavezchelsea,Georgia,3083,72,32
2346,davidzimmerman,Reunion,3184,18,12
8433,martinstephanie,Maldives,1205,51,31
3540,gary24,Saint Martin,3861,86,34
3293,wiseanthony,Sri Lanka,3373,42,27
1504,enelson,Estonia,2315,75,26
5906,crawfordwilliam,Azerbaijan,3224,22,7
706,kvillarreal,Heard Island and McDonald Islands,3978,73,49
774,jonathangarcia,Montenegro,2372,100,27
9928,perezwilliam,Aruba,3132,88,31
8761,sanchezthomas,Hungary,1710,25,7
5154,haroldhorne,Argentina,1785,57,37
5021,pwalker,Israel,3195,38,37
1202,joseph19,Holy See (Vatican City State),3708,93,24
6683,shawrachel,Christmas Island,2045,37,9
7366,lindajarvis,Zimbabwe,2612,61,43
9742,djones,Tonga,2715,28,26
4930,kiara45,Benin,2825,46,34
2361,msmith,French Guiana,1988,44,9
6823,jodi37,Heard Island and McDonald Islands,2698,99,28
3814,xcuevas,Congo,2969,29,5
8174,edwardrandolph,Anguilla,2377,54,35
7958,amberfields,Puerto Rico,1936,57,36
6420,tapiaaaron,Palestinian Territory,1969,100,18
2649,usweeney,Gambia,1917,92,35
5340,harristonya,Italy,3549,57,16
1458,jwoodward,Rwanda,2581,88,22
154,christopher38,Isle of Man,1476,27,33
6081,stephen19,Bhutan,2466,14,14
2138,danafoster,Namibia,1353,60,10
4716,grahamtamara,Dominica,3478,83,32
9905,jose56,Reunion,2322,74,7
4775,louis43,Belarus,1151,93,34
563,derekcarrillo,Botswana,1655,25,26
3826,danielcole,Germany,2922,32,31
2888,wmartinez,Sierra Leone,2208,36,16
6555,shannonford,Timor-Leste,2413,12,35
4253,davislindsey,Gabon,3069,77,14
5903,lewismelissa,Cameroon,3301,85,13
9210,dawsontanya,Indonesia,1971,25,39
4170,byrdjorge,China,3014,28,21
1718,cranemelissa,Micronesia,1171,21,36
5943,codygarcia,South Africa,2450,37,10
7958,davidbrown,Slovakia (Slovak Republic),1098,28,32
13,davidcolon,Holy See (Vatican City State),2874,73,13
3118,aguilarjonathan,Suriname,1621,65,45
9834,johnsoncaleb,United Kingdom,3345,68,9
1361,flamb,United Kingdom,3184,69,11
8713,david70,Chile,1033,14,11
3907,zunderwood,Luxembourg,3292,89,40
7518,reyesronald,Guinea,2070,52,39
2628,rebekahhill,Kiribati,2657,55,26
5616,austinharvey,Ecuador,2973,27,34
1773,victor87,Bahamas,1295,24,39
3321,ramirezderrick,Cook Islands,2688,64,40
493,crystalpham,South Africa,2864,27,33
475,mayokimberly,Guinea-Bissau,2082,96,23
4264,fstephens,Guatemala,1283,66,7
6057,paul20,Ghana,2028,47,30
9565,anthonycochran,Fiji,2370,75,44
7601,stokesthomas,Guinea-Bissau,1946,90,22
2475,terrigarcia,Palestinian Territory,3230,15,17
2372,josephvelasquez,United States Virgin Islands,3855,66,13
8405,gallagherstacie,Montserrat,1032,84,19
878,lkelly,Christmas Island,3350,84,26
5097,brittanydrake,Qatar,3916,91,9
1512,robin05,Yemen,1557,42,23
7398,annalopez,Sudan,3830,65,26
4706,lweaver,Liechtenstein,1589,49,29
9554,davisjesse,Cyprus,1941,70,17
197,foxaaron,United States Virgin Islands,3489,52,23
9118,lindsaypeterson,Christmas Island,1043,85,40
1425,brian29,Romania,2856,13,19
5405,kimmathis,Tokelau,1068,76,22
2581,susan56,Myanmar,2683,53,36
9923,rogersmarcus,Cayman Islands,3791,13,33
6723,fconner,Pakistan,2736,98,11
34,grant89,Solomon Islands,2321,86,43
4229,jeffrey92,Honduras,3760,23,45
4419,jessica42,Christmas Island,3780,29,16
9343,rushstacy,India,1717,91,40
3252,whitelucas,Sudan,3010,52,25
3055,daniellegarcia,Luxembourg,1954,45,25
5528,markmiller,Guatemala,2197,61,22
6485,gary15,Kiribati,2774,50,12
8490,bakerjohn,Bangladesh,3035,56,28
4486,jonathan10,Australia,3621,13,43
9275,akim,Chad,1258,14,38
2468,ysnyder,Guernsey,3078,58,24
6792,egarcia,Solomon Islands,3337,63,46
1169,franciscojones,Tanzania,2144,66,14
6454,phillipslucas,Zambia,1404,70,36
9521,jonesgeorge,Honduras,2919,94,13
1893,jessicapayne,Ukraine,2813,22,27
2653,morgantricia,Uganda,1209,77,13
1837,bbush,Western Sahara,3607,64,42
4603,catherinehamilton,Austria,1401,30,14
6879,riveraterri,Ireland,1436,21,18
5626,donna43,Bhutan,1541,76,18
4059,longandrea,Liechtenstein,3118,80,13
9511,briansmith,Benin,3166,56,41
3804,madison97,Cook Islands,3899,94,19
361,johnsongeorge,French Guiana,2634,46,21
8988,wellsdarrell,Slovenia,3580,63,17
328,qruiz,Estonia,3279,53,16
5250,maypaul,Heard Island and McDonald Islands,2984,52,25
8484,cwood,Aruba,2563,84,34
8578,scott43,Taiwan,2213,10,25
8045,anne21,Belize,2219,38,9
1674,lindsey69,Denmark,2530,88,19
3057,randallloretta,Italy,1545,31,6
2546,parmstrong,Lebanon,1939,93,16
201,christian08,Montenegro,2528,98,15
4637,davidtodd,China,1080,56,14
8081,teresastokes,Brunei Darussalam,2444,34,32
1481,hendersonvanessa,Jordan,1355,17,28
2694,wendyburton,Syrian Arab Republic,2622,98,39
3241,luis11,Iceland,3331,16,34
3937,rarnold,Maldives,1754,24,10
1681,astark,Solomon Islands,3800,39,24
8240,jrodriguez,Cameroon,1514,18,6
7115,buckleyanna,Bolivia,1711,12,37
9215,mikayla56,Estonia,2568,90,17
8160,kpena,Netherlands,3498,14,40
99,rjohnson,Iraq,1276,84,17
7479,christinebecker,Iran,1287,61,45
6378,fosternatasha,Portugal,2673,56,16
626,brandonalvarez,Ethiopia,2902,43,5
5235,andrew44,Fiji,1898,24,31
1874,rgarrison,Bolivia,1107,83,36
3188,dennismccann,Kenya,2457,89,42
3767,joseph69,Oman,2216,29,28
2275,lopezjason,Swaziland,1611,24,49
9426,wfigueroa,Malaysia,1475,16,23
4081,lori82,Bahrain,2538,18,5
7827,jenna62,Slovakia (Slovak Republic),3033,85,10
6881,thompsonnancy,Cook Islands,1374,69,32
8648,wrightstephen,Uruguay,3853,62,27
535,janet45,Swaziland,2500,76,16
4700,owagner,Uzbekistan,2819,26,45
4952,maldonadojohn,Liechtenstein,3488,19,25
9638,ethompson,Myanmar,3686,80,28
9443,max41,Finland,3837,51,40
3427,hughesfrank,Montenegro,1473,37,37
5797,mercedesholland,Philippines,2829,41,32
6630,josephortiz,Angola,1942,21,50
6890,wellsdavid,China,3682,24,30
7207,walkercharlene,Western Sahara,2427,44,35
3351,jennifer46,Ukraine,2635,80,32
4760,dyork,El Salvador,3924,97,34
5136,stevenbyrd,Sweden,1404,51,12
4514,asilva,Madagascar,1291,13,8
7269,anna99,Finland,1570,12,23
7507,gabrielle71,Guadeloupe,3994,22,39
3714,danielle44,Palau,1700,41,38
8161,jacob83,United Arab Emirates,1653,98,11
8796,trujilloleah,Nepal,1259,87,47
9306,rguerrero,Burundi,2513,85,13
1429,rioswhitney,Eritrea,2257,84,37
7960,vsullivan,Argentina,3503,82,11
8556,matthewreeves,Poland,3972,22,31
6731,qknox,Guinea-Bissau,1068,81,45
6448,megan82,French Polynesia,3041,42,16
7736,ruizjoyce,Saint Kitts and Nevis,3241,90,18
1060,staceylam,Palau,2363,17,31
3217,walkerjeffrey,Tunisia,1296,56,12
101,robert55,Eritrea,2508,44,30
9016,steven17,Austria,1417,60,34
1531,kennedyjames,British Indian Ocean Territory (Chagos Archipelago),3353,60,50
3719,amoreno,Austria,3999,89,47
2588,derrickgonzalez,Ireland,2227,75,14
8078,tthomas,Cocos (Keeling) Islands,1627,41,24
8209,freemancrystal,Christmas Island,2295,55,50
8143,cynthia07,Falkland Islands (Malvinas),2312,79,23
9170,kathleenjackson,Serbia,3693,66,46
720,tracygallagher,Benin,2076,63,43
7813,christinaschultz,Iraq,1636,15,23
626,ysanford,Albania,2012,35,10
5585,fergusonjessica,Zambia,2729,26,23
3021,mcclainkatherine,Malta,3975,52,13
7448,andrewsmith,Saint Martin,1535,63,20
6263,jeremywiley,Georgia,2960,11,38
8010,curtisgordon,Gambia,1526,19,24
5016,cameronwilliams,Yemen,2501,47,8
7700,stephen89,Mali,1745,79,15
7889,ryan25,United Arab Emirates,3468,65,20
7945,mhoward,Chad,3380,63,27
5291,osmith,Saint Lucia,1171,94,24
1863,jasonjohnson,Macedonia,3600,42,37
1799,daviddawson,Somalia,2850,82,42
145,brooksdanielle,Sierra Leone,2507,33,20
7756,wheelerbrandon,Botswana,1328,70,10
615,williamsdarrell,Kenya,2605,97,28
1988,qmartinez,Lebanon,3311,83,16
8003,jamiejennings,Algeria,3433,10,46
8275,robert18,Faroe Islands,3200,58,45
8600,robertroach,Madagascar,3265,76,40
1694,campbellkristen,Luxembourg,2509,47,33
8022,chelseastrickland,Switzerland,1138,88,37
7759,michaelortiz,Central African Republic,1096,62,38
5354,kelleyrenee,Portugal,1217,28,43
3568,arivera,American Samoa,2145,75,30
5139,meadowsmary,Paraguay,2463,11,22
8757,fhernandez,Slovakia (Slovak Republic),2683,47,10
7660,cummingscraig,Equatorial Guinea,1932,21,20
6279,stephenmadden,Estonia,3598,86,25
4442,lwilliams,Tunisia,1700,37,16
2175,phelpsmichael,Philippines,2991,30,27
9469,ronald11,Thailand,1308,72,29
7922,smithdevon,Oman,2446,46,17
1512,markkline,Zimbabwe,2878,77,39
6973,natalie15,Suriname,1615,70,15
9644,ian66,Korea,1505,99,48
3533,mary76,Pakistan,1197,90,36
9628,danielhorton,Bahamas,1548,43,39
9623,dalepruitt,Liberia,2612,73,34
2767,ywhite,Slovakia (Slovak Republic),2412,96,33
7928,cheryl27,Uruguay,1501,30,35
45,arodriguez,Kazakhstan,2477,32,40
8393,browndiana,American Samoa,3213,93,27
7977,tiffanysantiago,Guadeloupe,1714,39,16
6161,reynoldsjessica,Liberia,3521,44,30
529,elizabeth62,Taiwan,2382,51,11
889,smithsarah,Macedonia,2803,96,32
3378,kchristian,Belarus,1342,74,10
7222,vflores,Fiji,2143,26,28
2074,hunterandrea,Honduras,2081,28,18
2522,fmontoya,Kuwait,1178,14,8
439,csolis,Benin,3802,58,39
4228,hwest,Luxembourg,2375,78,32
5071,garciarobert,Micronesia,3596,83,38
3718,petersenlatoya,Nicaragua,2138,25,34
2069,pamela83,Palau,2026,57,16
949,xclements,Sweden,3798,95,28
4639,velasquezmegan,Greenland,3338,62,30
9854,xmoran,Saint Barthelemy,3869,58,50
4679,wwilson,Palestinian Territory,3073,27,33
7504,aaronkelly,Norfolk Island,1142,64,43
4598,amy51,Aruba,3849,29,20
9590,travisunderwood,Samoa,2283,29,5
677,nrodriguez,Congo,1593,22,7
6531,davidphelps,Cuba,3112,77,47
4979,msummers,Saint Barthelemy,1648,13,19
788,daniel60,Vanuatu,2560,54,31
6278,bartonshannon,Palestinian Territory,3791,10,22
6588,tamarasmith,Saint Pierre and Miquelon,3444,39,31
5890,tranryan,Mozambique,1156,75,7
1740,xglass,Uruguay,2310,70,33
933,heatherthompson,Suriname,3130,39,35
2071,dalesandoval,Netherlands,2012,93,35
3146,william66,Netherlands,1606,41,50
5265,joshuastuart,French Polynesia,1493,26,37
2498,iballard,Isle of Man,1825,86,30
3760,megan85,Rwanda,1767,67,33
